Post ID,Title,Url,Author,Score,Publish Date,Total No. of Comments,Permalink,Flair
7nc0rk,"Post-Game Thread: Pacers crush my hopes and dreams again as they lose to Minnesota Timberwolves, 90-107",https://www.reddit.com/r/pacers/comments/7nc0rk/postgame_thread_pacers_crush_my_hopes_and_dreams/,MC_Reagan,32,2017-12-31 19:15:02,53,/r/pacers/comments/7nc0rk/postgame_thread_pacers_crush_my_hopes_and_dreams/,Post Game
7ontx7,"Post - Game Thread: Pacers Inexplicably Play Much Better In Easy Win Over Chicago, 125 - 86",https://www.reddit.com/r/pacers/comments/7ontx7/post_game_thread_pacers_inexplicably_play_much/,MarryMeFrisbee,67,2018-01-06 21:15:04,39,/r/pacers/comments/7ontx7/post_game_thread_pacers_inexplicably_play_much/,Post Game
7p3w8b,"Post - Game Thread: Pacers Take Their Foot Off the Gas Late, Still Run Over the Bucks 109 - 96",https://www.reddit.com/r/pacers/comments/7p3w8b/post_game_thread_pacers_take_their_foot_off_the/,MarryMeFrisbee,47,2018-01-08 21:21:25,33,/r/pacers/comments/7p3w8b/post_game_thread_pacers_take_their_foot_off_the/,Post Game
7pkxcj,Post-Game Thread: Pacers can't take the Heat and lose 114-106,https://www.reddit.com/r/pacers/comments/7pkxcj/postgame_thread_pacers_cant_take_the_heat_and/,MC_Reagan,17,2018-01-10 21:31:34,43,/r/pacers/comments/7pkxcj/postgame_thread_pacers_cant_take_the_heat_and/,Game Thread
7q1r6r,Post-Game Thread: Pacers somehow edge over the LeBron James family and win 97-95,https://www.reddit.com/r/pacers/comments/7q1r6r/postgame_thread_pacers_somehow_edge_over_the/,MC_Reagan,100,2018-01-12 21:30:12,135,/r/pacers/comments/7q1r6r/postgame_thread_pacers_somehow_edge_over_the/,Game Thread
7qgv7j,"Post - Game Thread: Pacers Have a Successful Scrimmage Against Phoenix-Area Junior College, 120 - 97",https://www.reddit.com/r/pacers/comments/7qgv7j/post_game_thread_pacers_have_a_successful/,MarryMeFrisbee,70,2018-01-14 22:08:17,23,/r/pacers/comments/7qgv7j/post_game_thread_pacers_have_a_successful/,Post Game
7qpr4u,"Post - Game Thread: Pacers Keep Humming in Win at Utah, 109 - 94",https://www.reddit.com/r/pacers/comments/7qpr4u/post_game_thread_pacers_keep_humming_in_win_at/,MarryMeFrisbee,43,2018-01-15 23:12:04,53,/r/pacers/comments/7qpr4u/post_game_thread_pacers_keep_humming_in_win_at/,Post Game
7rokuy,"Post - Game Thread: Hickory Loses in Hollywood, 99 - 86",https://www.reddit.com/r/pacers/comments/7rokuy/post_game_thread_hickory_loses_in_hollywood_99_86/,MarryMeFrisbee,12,2018-01-20 00:44:11,78,/r/pacers/comments/7rokuy/post_game_thread_hickory_loses_in_hollywood_99_86/,Post Game
7s2j2c,"POST-GAME THREAD: Pacers sweep the Spurs for the first time in 23 years, 94-86",https://www.reddit.com/r/pacers/comments/7s2j2c/postgame_thread_pacers_sweep_the_spurs_for_the/,xPenguinHD,103,2018-01-21 21:15:50,55,/r/pacers/comments/7s2j2c/postgame_thread_pacers_sweep_the_spurs_for_the/,Post Game
7ssp0y,"Post - Game Thread: Pacers Go Supernova in Blowout Win Over the Dad-Bod Dudlies, 116 - 101",https://www.reddit.com/r/pacers/comments/7ssp0y/post_game_thread_pacers_go_supernova_in_blowout/,MarryMeFrisbee,59,2018-01-24 21:21:08,30,/r/pacers/comments/7ssp0y/post_game_thread_pacers_go_supernova_in_blowout/,Post Game
7t9skt,Post-Game Thread: Pacers don't get the sweep and fall 108-115,https://www.reddit.com/r/pacers/comments/7t9skt/postgame_thread_pacers_dont_get_the_sweep_and/,MC_Reagan,15,2018-01-26 21:46:50,41,/r/pacers/comments/7t9skt/postgame_thread_pacers_dont_get_the_sweep_and/,Post Game
7thj1j,"Post-Game Thread: Lance brings the late game magic in the win over Orlando, 112-114",https://www.reddit.com/r/pacers/comments/7thj1j/postgame_thread_lance_brings_the_late_game_magic/,big_reagan,65,2018-01-27 21:30:41,78,/r/pacers/comments/7thj1j/postgame_thread_lance_brings_the_late_game_magic/,Game Thread
7txnfy,"Post - Game Thread: Turner Shines as Indiana Beats Charlotte, 105 - 96",https://www.reddit.com/r/pacers/comments/7txnfy/post_game_thread_turner_shines_as_indiana_beats/,MarryMeFrisbee,55,2018-01-29 21:11:08,61,/r/pacers/comments/7txnfy/post_game_thread_turner_shines_as_indiana_beats/,Post Game
7u4zq5,Post-Game Thread: Test,https://www.reddit.com/r/pacers/comments/7u4zq5/postgame_thread_test/,[deleted],1,2018-01-30 17:37:46,0,/r/pacers/comments/7u4zq5/postgame_thread_test/,Game Thread
7u50l7,Post-Game Thread,https://www.reddit.com/r/pacers/comments/7u50l7/postgame_thread/,[deleted],1,2018-01-30 17:41:27,0,/r/pacers/comments/7u50l7/postgame_thread/,Game Thread
7u5d0p,Post-Game Thread: Test,https://www.reddit.com/r/pacers/comments/7u5d0p/postgame_thread_test/,[deleted],1,2018-01-30 18:30:34,0,/r/pacers/comments/7u5d0p/postgame_thread_test/,Post Game
7uff08,"Post - Game Thread: Pacers crawl out from under the tank, defeat the Grizzlies....wait, hang on...reviewing it...tech..some free throws...OK, FINALLY...105-101.",https://www.reddit.com/r/pacers/comments/7uff08/post_game_thread_pacers_crawl_out_from_under_the/,Smart_Dumb,64,2018-01-31 21:18:41,63,/r/pacers/comments/7uff08/post_game_thread_pacers_crawl_out_from_under_the/,Post Game
7uwm3m,Post-Game Thread: Pacers get stung by the Hornets and lose 126-133,https://www.reddit.com/r/pacers/comments/7uwm3m/postgame_thread_pacers_get_stung_by_the_hornets/,big_reagan,26,2018-02-02 21:31:17,23,/r/pacers/comments/7uwm3m/postgame_thread_pacers_get_stung_by_the_hornets/,Post Game
7v40ov,"POST-GAME THREAD: Pacers stop the process on /r/Pacers night, 100-92",https://www.reddit.com/r/pacers/comments/7v40ov/postgame_thread_pacers_stop_the_process_on/,xPenguinHD,56,2018-02-03 21:28:30,77,/r/pacers/comments/7v40ov/postgame_thread_pacers_stop_the_process_on/,Post Game
7vk3x5,Post-Game Thread: Pacers lose politically charged matchup against Washington 111-102,https://www.reddit.com/r/pacers/comments/7vk3x5/postgame_thread_pacers_lose_politically_charged/,big_reagan,24,2018-02-05 21:16:36,76,/r/pacers/comments/7vk3x5/postgame_thread_pacers_lose_politically_charged/,Post Game
7w1qtl,Post - Game Thread: üèÄüö´üåßÔ∏è,https://www.reddit.com/r/pacers/comments/7w1qtl/post_game_thread/,Smart_Dumb,34,2018-02-07 21:51:31,28,/r/pacers/comments/7w1qtl/post_game_thread/,Post Game
7wiswy,"Post - Game Thread: Indiana Team Beats Massachusetts Team, 97 - 91",https://www.reddit.com/r/pacers/comments/7wiswy/post_game_thread_indiana_team_beats_massachusetts/,MarryMeFrisbee,102,2018-02-09 21:52:19,111,/r/pacers/comments/7wiswy/post_game_thread_indiana_team_beats_massachusetts/,Post Game
7wwuub,"Post - Game Thread: Hicks Beat Knicks, 121 - 113",https://www.reddit.com/r/pacers/comments/7wwuub/post_game_thread_hicks_beat_knicks_121_113/,MarryMeFrisbee,73,2018-02-11 19:20:56,42,/r/pacers/comments/7wwuub/post_game_thread_hicks_beat_knicks_121_113/,Post Game
7xnja8,"Post - Game Thread: Golden Boys Grind Out a Tough Win in Brooklyn, 108 - 103",https://www.reddit.com/r/pacers/comments/7xnja8/post_game_thread_golden_boys_grind_out_a_tough/,MarryMeFrisbee,67,2018-02-14 21:53:07,70,/r/pacers/comments/7xnja8/post_game_thread_golden_boys_grind_out_a_tough/,Post Game
7ztjuj,"Post-Game Thread: Pacers defeat Fatlanta Hawks in the trap, 116-93",https://www.reddit.com/r/pacers/comments/7ztjuj/postgame_thread_pacers_defeat_fatlanta_hawks_in/,big_reagan,58,2018-02-23 21:15:26,19,/r/pacers/comments/7ztjuj/postgame_thread_pacers_defeat_fatlanta_hawks_in/,Post Game
80jg3f,"Post - Game Thread: Pacers Put Forth Sloppy Effort in the Big D, Lose 109 - 103",https://www.reddit.com/r/pacers/comments/80jg3f/post_game_thread_pacers_put_forth_sloppy_effort/,MarryMeFrisbee,17,2018-02-26 23:02:00,51,/r/pacers/comments/80jg3f/post_game_thread_pacers_put_forth_sloppy_effort/,Post Game
8121sr,"Post-Game Thread: Pacers somehow lose to Atlanta despite winning 5 times against San Antonio and Cleveland, 102-107",https://www.reddit.com/r/pacers/comments/8121sr/postgame_thread_pacers_somehow_lose_to_atlanta/,big_reagan,49,2018-02-28 21:55:12,52,/r/pacers/comments/8121sr/postgame_thread_pacers_somehow_lose_to_atlanta/,Post Game
81m5y1,"Post-Game Thread: Pacers snap two game losing streak and beat the Bucks, 103-96",https://www.reddit.com/r/pacers/comments/81m5y1/postgame_thread_pacers_snap_two_game_losing/,big_reagan,80,2018-03-02 22:30:26,40,/r/pacers/comments/81m5y1/postgame_thread_pacers_snap_two_game_losing/,Post Game
822abl,"Post - Game Thread: Pacers Take the 4th Seed in Washington, 98 - 95",https://www.reddit.com/r/pacers/comments/822abl/post_game_thread_pacers_take_the_4th_seed_in/,MarryMeFrisbee,106,2018-03-04 20:22:51,74,/r/pacers/comments/822abl/post_game_thread_pacers_take_the_4th_seed_in/,Post Game
82bl9y,"Post - Game Thread: BOJAN ""THE DEER HUNTER"" BOGDANOVIC SNIPES MILWAUKEE, 92 - 89",https://www.reddit.com/r/pacers/comments/82bl9y/post_game_thread_bojan_the_deer_hunter_bogdanovic/,MarryMeFrisbee,122,2018-03-05 21:21:40,107,/r/pacers/comments/82bl9y/post_game_thread_bojan_the_deer_hunter_bogdanovic/,Post Game
82tzpa,"Post - Game Thread: Pacers fall flat to the Jazz, shoot 3/23 from 3 in a 84-104 loss.",https://www.reddit.com/r/pacers/comments/82tzpa/post_game_thread_pacers_fall_flat_to_the_jazz/,Smart_Dumb,29,2018-03-07 21:13:10,42,/r/pacers/comments/82tzpa/post_game_thread_pacers_fall_flat_to_the_jazz/,Post Game
83c6x1,"Post - Game Thread: Pacers ascend to their final form, do the Hawks a solid, win 112-87",https://www.reddit.com/r/pacers/comments/83c6x1/post_game_thread_pacers_ascend_to_their_final/,Smart_Dumb,77,2018-03-09 21:10:09,35,/r/pacers/comments/83c6x1/post_game_thread_pacers_ascend_to_their_final/,Post Game
83rh0i,Post-Game Thread: Celtics aren't lucky as Pacers win 99-97,https://www.reddit.com/r/pacers/comments/83rh0i/postgame_thread_celtics_arent_lucky_as_pacers_win/,big_reagan,98,2018-03-11 21:51:04,103,/r/pacers/comments/83rh0i/postgame_thread_celtics_arent_lucky_as_pacers_win/,Post Game
849m7k,"Post - Game Thread: NATE MCMILLAN ASCENDS AS PACERS BEAT PHILLY, 101 - 98",https://www.reddit.com/r/pacers/comments/849m7k/post_game_thread_nate_mcmillan_ascends_as_pacers/,MarryMeFrisbee,102,2018-03-13 21:36:44,184,/r/pacers/comments/849m7k/post_game_thread_nate_mcmillan_ascends_as_pacers/,Post Game
84rt7v,"Post - Game Thread: Pacers Lose Turner in Hard-Fought Defeat Against Toronto, 106 - 99",https://www.reddit.com/r/pacers/comments/84rt7v/post_game_thread_pacers_lose_turner_in_hardfought/,MarryMeFrisbee,43,2018-03-15 21:27:57,101,/r/pacers/comments/84rt7v/post_game_thread_pacers_lose_turner_in_hardfought/,Post Game
8518ck,"POST - GAME THREAD: 16 UMBC FETCHES HISTORY IN VICTORY OVER 1 VIRGINIA, 74 - 54",https://www.reddit.com/r/pacers/comments/8518ck/post_game_thread_16_umbc_fetches_history_in/,[deleted],27,2018-03-16 23:33:53,33,/r/pacers/comments/8518ck/post_game_thread_16_umbc_fetches_history_in/,Post Game
8587ik,"Post-Game Thread: Lance &amp; Co. Struggle at Capital Hill, lose 102-109",https://www.reddit.com/r/pacers/comments/8587ik/postgame_thread_lance_co_struggle_at_capital_hill/,xPenguinHD,24,2018-03-17 21:19:50,23,/r/pacers/comments/8587ik/postgame_thread_lance_co_struggle_at_capital_hill/,Post Game
85ov7k,"Post-Game Thread: Pacers outball the Lakers, 100-110",https://www.reddit.com/r/pacers/comments/85ov7k/postgame_thread_pacers_outball_the_lakers_100110/,big_reagan,69,2018-03-19 21:13:47,55,/r/pacers/comments/85ov7k/postgame_thread_pacers_outball_the_lakers_100110/,Post Game
8686g6,"Post-Game Thread: Pacers fly back on the red eye with a loss to the Pelicans, 92-96",https://www.reddit.com/r/pacers/comments/8686g6/postgame_thread_pacers_fly_back_on_the_red_eye/,big_reagan,10,2018-03-21 22:27:16,42,/r/pacers/comments/8686g6/postgame_thread_pacers_fly_back_on_the_red_eye/,Post Game
874phq,"POST - GAME THREAD: ""LOTTERY BOUND"" PACERS CLINCH PLAYOFF BERTH WITH OT VICTORY OVER MIAMI, 113 - 107",https://www.reddit.com/r/pacers/comments/874phq/post_game_thread_lottery_bound_pacers_clinch/,MarryMeFrisbee,342,2018-03-25 19:34:44,106,/r/pacers/comments/874phq/post_game_thread_lottery_bound_pacers_clinch/,UPVOTE PARTY
87p7he,"Post Game Thread: Pacers overcome San Jose Warriors, 92 - 81",https://www.reddit.com/r/pacers/comments/87p7he/post_game_thread_pacers_overcome_san_jose/,Smart_Dumb,103,2018-03-28 00:45:12,55,/r/pacers/comments/87p7he/post_game_thread_pacers_overcome_san_jose/,Post Game
887rjf,"Post Game Thread: Well, that was uncomfortable, Pacers win 106-103",https://www.reddit.com/r/pacers/comments/887rjf/post_game_thread_well_that_was_uncomfortable/,Smart_Dumb,53,2018-03-30 00:22:48,77,/r/pacers/comments/887rjf/post_game_thread_well_that_was_uncomfortable/,Post Game
88ud4q,Post-Game Thread: TurnerDipo tears it up as the Pacers beat the Clippers 111-104,https://www.reddit.com/r/pacers/comments/88ud4q/postgame_thread_turnerdipo_tears_it_up_as_the/,big_reagan,85,2018-04-01 17:56:12,93,/r/pacers/comments/88ud4q/postgame_thread_turnerdipo_tears_it_up_as_the/,Post Game
89lvl0,"Post - Game Thread: Nuggets Are No Jokic as Pacers Lose in Denver Again, 107 - 104",https://www.reddit.com/r/pacers/comments/89lvl0/post_game_thread_nuggets_are_no_jokic_as_pacers/,MarryMeFrisbee,22,2018-04-03 23:22:35,51,/r/pacers/comments/89lvl0/post_game_thread_nuggets_are_no_jokic_as_pacers/,Post Game
8a5fgy,Post-Game Thread: Golden Boys beat Golden State 106-126,https://www.reddit.com/r/pacers/comments/8a5fgy/postgame_thread_golden_boys_beat_golden_state/,big_reagan,162,2018-04-05 21:15:54,86,/r/pacers/comments/8a5fgy/postgame_thread_golden_boys_beat_golden_state/,Post Game
8aew7p,"Post-Game Thread: Pacers try to go to go and win in Toronto but passport to victory is denied, lose 73-82",https://www.reddit.com/r/pacers/comments/8aew7p/postgame_thread_pacers_try_to_go_to_go_and_win_in/,[deleted],1,2018-04-06 21:45:44,0,/r/pacers/comments/8aew7p/postgame_thread_pacers_try_to_go_to_go_and_win_in/,Post Game
8aewff,Post-Game Thread: Pacers lose in Canada to Toronto 73-92,https://www.reddit.com/r/pacers/comments/8aewff/postgame_thread_pacers_lose_in_canada_to_toronto/,big_reagan,51,2018-04-06 21:46:49,47,/r/pacers/comments/8aewff/postgame_thread_pacers_lose_in_canada_to_toronto/,Post Game
8as9pj,Post-Game Thread: Sabonis Domantinates as Pacers win 123-117,https://www.reddit.com/r/pacers/comments/8as9pj/postgame_thread_sabonis_domantinates_as_pacers/,big_reagan,59,2018-04-08 15:21:29,37,/r/pacers/comments/8as9pj/postgame_thread_sabonis_domantinates_as_pacers/,Post Game
8bd6dn,"Post Game Thread: Pacers complete the mini-tank, help out u/jaynay1 and lose 93-119 as the boys head into the postseason",https://www.reddit.com/r/pacers/comments/8bd6dn/post_game_thread_pacers_complete_the_minitank/,Smart_Dumb,40,2018-04-10 21:00:57,33,/r/pacers/comments/8bd6dn/post_game_thread_pacers_complete_the_minitank/,Post Game
8wnqc9,"Post-Game Thread: Pacers can't get it done against the Rockets at Vegas Summer League, 92-89",https://www.reddit.com/r/pacers/comments/8wnqc9/postgame_thread_pacers_cant_get_it_done_against/,big_reagan,33,2018-07-06 17:07:49,54,/r/pacers/comments/8wnqc9/postgame_thread_pacers_cant_get_it_done_against/,Post Game
8wwgmt,Post-Game Thread: Pacers get it done vs Spurs 86-76,https://www.reddit.com/r/pacers/comments/8wwgmt/postgame_thread_pacers_get_it_done_vs_spurs_8676/,xPenguinHD,37,2018-07-07 17:22:31,24,/r/pacers/comments/8wwgmt/postgame_thread_pacers_get_it_done_vs_spurs_8676/,Post Game
8xhbsq,"Post-Game Thread: Pacers fail to defeat Cavaliers, 88-93",https://www.reddit.com/r/pacers/comments/8xhbsq/postgame_thread_pacers_fail_to_defeat_cavaliers/,big_reagan,20,2018-07-09 18:55:05,18,/r/pacers/comments/8xhbsq/postgame_thread_pacers_fail_to_defeat_cavaliers/,Post Game
8y5snm,"Post-Game Thread: Pacers collapse in Summer League, lose 107-101",https://www.reddit.com/r/pacers/comments/8y5snm/postgame_thread_pacers_collapse_in_summer_league/,big_reagan,37,2018-07-11 22:18:35,30,/r/pacers/comments/8y5snm/postgame_thread_pacers_collapse_in_summer_league/,Post Game
8yo5yq,"Post-Game Thread: Pacers win big in final Summer League game against the Nets, 79-116",https://www.reddit.com/r/pacers/comments/8yo5yq/postgame_thread_pacers_win_big_in_final_summer/,big_reagan,36,2018-07-13 17:54:59,3,/r/pacers/comments/8yo5yq/postgame_thread_pacers_win_big_in_final_summer/,Post Game
